日期,开盘,收盘,最高,最低,成交量,成交额,振幅,涨跌幅,涨跌额,换手率
2022-08-04,0.977,0.981,0.985,0.968,26245245,2569736012.0,1.74,0.41,0.004,23.41
2022-08-05,0.979,1.001,1.002,0.979,23635091,2343715054.0,2.34,2.04,0.02,21.08
2022-08-08,0.995,1.011,1.012,0.995,23073746,2321631276.0,1.7,1.0,0.01,20.58
2022-08-09,1.009,1.015,1.017,1.004,20995088,2123033476.0,1.29,0.4,0.004,18.73
2022-08-10,1.013,1.017,1.02,1.011,17577283,1786284379.0,0.89,0.2,0.002,15.68
2022-08-11,1.017,1.03,1.031,1.017,18550561,1902019796.0,1.38,1.28,0.013,16.55
2022-08-12,1.028,1.021,1.033,1.02,17074721,1755325458.0,1.26,-0.87,-0.009,15.23
2022-08-15,1.021,1.027,1.032,1.018,16760511,1720153751.0,1.37,0.59,0.006,14.95
2022-08-16,1.025,1.032,1.04,1.025,16022214,1656667113.0,1.46,0.49,0.005,14.29
2022-08-17,1.03,1.034,1.037,1.026,15623607,1612480956.0,1.07,0.19,0.002,13.94
2022-08-18,1.03,1.038,1.04,1.029,15703038,1624460031.0,1.06,0.39,0.004,14.01
2022-08-19,1.037,1.021,1.041,1.021,14700038,1513872653.0,1.93,-1.64,-0.017,13.11
2022-08-22,1.02,1.027,1.03,1.012,16417350,1680160405.0,1.76,0.59,0.006,14.64
2022-08-23,1.023,1.03,1.031,1.023,18291726,1879190128.0,0.78,0.29,0.003,16.31
2022-08-24,1.028,0.994,1.031,0.992,20261966,2040197494.0,3.79,-3.5,-0.036,18.07
2022-08-25,0.995,0.991,0.999,0.979,16739347,1652100524.0,2.01,-0.3,-0.003,14.93
2022-08-26,0.99,0.986,1.002,0.982,15349209,1524586811.0,2.02,-0.5,-0.005,13.69
2022-08-29,0.975,0.989,0.992,0.971,16500901,1627511762.0,2.13,0.3,0.003,14.72
2022-08-30,0.988,0.984,0.991,0.98,18462623,1819057684.0,1.11,-0.51,-0.005,16.47
2022-08-31,0.982,0.951,0.985,0.949,17257860,1661023243.0,3.66,-3.35,-0.033,15.39
2022-09-01,0.95,0.948,0.962,0.944,19531568,1860864099.0,1.89,-0.32,-0.003,17.42
2022-09-02,0.949,0.955,0.96,0.946,15009567,1431057170.0,1.48,0.74,0.007,13.39
2022-09-05,0.952,0.957,0.965,0.949,17482501,1672263318.0,1.68,0.21,0.002,15.59
2022-09-06,0.957,0.975,0.976,0.956,14352603,1388580071.0,2.09,1.88,0.018,12.8
2022-09-07,0.974,0.981,0.986,0.971,15443269,1514983563.0,1.54,0.62,0.006,13.77
2022-09-08,0.981,0.973,0.985,0.972,14773788,1444068877.0,1.33,-0.82,-0.008,13.18
2022-09-09,0.973,0.977,0.978,0.967,17093498,1664053983.0,1.13,0.41,0.004,15.25
2022-09-14,0.964,0.963,0.967,0.957,6025205,1642349417.0,1.02,-1.43,-0.014,5.37
2022-09-15,0.963,0.932,0.967,0.921,6554125,1748824490.0,4.78,-3.22,-0.031,5.85
2022-09-16,0.93,0.913,0.935,0.912,6833801,1789495073.0,2.47,-2.04,-0.019,6.1
2022-09-19,0.912,0.902,0.917,0.897,6054629,1554668756.0,2.19,-1.2,-0.011,5.4
2022-09-20,0.902,0.914,0.924,0.902,5416082,1402461296.0,2.44,1.33,0.012,4.83
2022-09-21,0.911,0.913,0.918,0.9,5533630,1428282178.0,1.97,-0.11,-0.001,4.94
2022-09-22,0.909,0.916,0.926,0.908,5563981,1448491904.0,1.97,0.33,0.003,4.96
2022-09-23,0.915,0.899,0.919,0.89,6504153,1664419229.0,3.17,-1.86,-0.017,5.8
2022-09-26,0.895,0.887,0.904,0.886,6260097,1590569686.0,2.0,-1.33,-0.012,5.58
2022-09-27,0.887,0.903,0.904,0.886,6224534,1577387997.0,2.03,1.8,0.016,5.55
2022-09-28,0.9,0.877,0.903,0.877,5375833,1348795230.0,2.88,-2.88,-0.026,4.79
2022-09-29,0.881,0.88,0.89,0.873,5769457,1445262799.0,1.94,0.34,0.003,5.15
2022-09-30,0.88,0.864,0.882,0.863,5685200,1401607378.0,2.16,-1.82,-0.016,5.07
2022-10-10,0.864,0.844,0.868,0.84,6173033,1496035159.0,3.24,-2.31,-0.02,5.51
2022-10-11,0.843,0.846,0.851,0.838,5798794,1387983132.0,1.54,0.24,0.002,5.17
2022-10-12,0.846,0.872,0.872,0.834,6338490,1517076261.0,4.49,3.07,0.026,5.65
2022-10-13,0.867,0.881,0.89,0.867,7183918,1793329322.0,2.64,1.03,0.009,6.41
2022-10-14,0.884,0.905,0.907,0.884,5289246,1346828771.0,2.61,2.72,0.024,4.72
2022-10-17,0.905,0.911,0.914,0.902,4783819,1229209812.0,1.33,0.66,0.006,4.27
2022-10-18,0.912,0.917,0.924,0.908,5156575,1337586966.0,1.76,0.66,0.006,4.6
2022-10-19,0.915,0.912,0.923,0.911,5499712,1428600990.0,1.31,-0.55,-0.005,4.91
2022-10-20,0.911,0.907,0.922,0.893,8011224,2052586896.0,3.18,-0.55,-0.005,7.15
2022-10-21,0.906,0.907,0.914,0.9,5433563,1395856052.0,1.54,0.0,0.0,4.85
2022-10-24,0.906,0.902,0.928,0.892,7307587,1884851852.0,3.97,-0.55,-0.005,6.52
2022-10-25,0.895,0.899,0.904,0.882,5937749,1503560035.0,2.44,-0.33,-0.003,5.3
2022-10-26,0.898,0.917,0.926,0.897,6626693,1714707827.0,3.23,2.0,0.018,5.91
2022-10-27,0.919,0.913,0.925,0.911,5504794,1431172755.0,1.53,-0.44,-0.004,4.91
2022-10-28,0.909,0.879,0.911,0.876,5945866,1510708015.0,3.83,-3.72,-0.034,5.3
2022-10-31,0.871,0.888,0.897,0.871,5795670,1455683960.0,2.96,1.02,0.009,5.17
2022-11-01,0.892,0.911,0.911,0.885,6289720,1599709728.0,2.93,2.59,0.023,5.61
2022-11-02,0.906,0.92,0.925,0.906,5768029,1501277830.0,2.09,0.99,0.009,5.14
2022-11-03,0.916,0.926,0.929,0.914,4904078,1283087948.0,1.63,0.65,0.006,4.37
2022-11-04,0.925,0.949,0.95,0.925,6636067,1768129054.0,2.7,2.48,0.023,5.92
2022-11-07,0.949,0.946,0.954,0.938,4921347,1319734338.0,1.69,-0.32,-0.003,4.39
2022-11-08,0.946,0.946,0.947,0.938,5341327,1423685333.0,0.95,0.0,0.0,4.76
2022-11-09,0.944,0.941,0.951,0.939,5148372,1376049972.0,1.27,-0.53,-0.005,4.59
2022-11-10,0.939,0.932,0.94,0.929,6215544,1644438110.0,1.17,-0.96,-0.009,5.54
2022-11-11,0.949,0.936,0.959,0.936,6542771,1753000152.0,2.47,0.43,0.004,5.84
2022-11-14,0.937,0.93,0.945,0.926,5685830,1508110376.0,2.03,-0.64,-0.006,5.07
2022-11-15,0.927,0.952,0.952,0.927,4742242,1268355442.0,2.69,2.37,0.022,4.23
2022-11-16,0.949,0.944,0.955,0.943,4236970,1138166097.0,1.26,-0.84,-0.008,3.78
2022-11-17,0.944,0.946,0.947,0.935,4847052,1289371098.0,1.27,0.21,0.002,4.32
2022-11-18,0.946,0.94,0.953,0.937,4940913,1325230926.0,1.69,-0.63,-0.006,4.41
2022-11-21,0.938,0.943,0.943,0.93,5050682,1343193550.0,1.38,0.32,0.003,4.5
2022-11-22,0.941,0.929,0.943,0.924,6127313,1623850397.0,2.01,-1.48,-0.014,5.47
2022-11-23,0.928,0.926,0.93,0.909,4647251,1212097167.0,2.26,-0.32,-0.003,4.15
2022-11-24,0.926,0.929,0.933,0.923,4508897,1185515933.0,1.08,0.32,0.003,4.02
2022-11-25,0.929,0.919,0.929,0.918,4154791,1085064881.0,1.18,-1.08,-0.01,3.71
2022-11-28,0.908,0.917,0.918,0.901,4277563,1107120589.0,1.85,-0.22,-0.002,3.82
2022-11-29,0.917,0.93,0.935,0.917,4913044,1291961409.0,1.96,1.42,0.013,4.38
2022-11-30,0.93,0.929,0.934,0.925,4796284,1263395249.0,0.97,-0.11,-0.001,4.28
2022-12-01,0.942,0.939,0.946,0.936,4318831,1151934234.0,1.08,1.08,0.01,3.85
2022-12-02,0.939,0.942,0.95,0.938,4833664,1291428007.0,1.28,0.32,0.003,4.31
2022-12-05,0.943,0.946,0.949,0.941,4160660,1113370217.0,0.85,0.42,0.004,3.71
2022-12-06,0.942,0.945,0.951,0.939,4598314,1230413510.0,1.27,-0.11,-0.001,4.1
2022-12-07,0.944,0.945,0.95,0.941,4346172,1164345572.0,0.95,0.0,0.0,3.88
2022-12-08,0.953,0.94,0.953,0.936,5029324,1340692757.0,1.8,-0.53,-0.005,4.49
2022-12-09,0.94,0.943,0.944,0.934,4294889,1144033747.0,1.06,0.32,0.003,3.83
2022-12-12,0.943,0.939,0.944,0.934,3878820,1031924770.0,1.06,-0.42,-0.004,3.46
2022-12-13,0.939,0.931,0.939,0.929,3846282,1015883784.0,1.06,-0.85,-0.008,3.43
2022-12-14,0.931,0.927,0.935,0.924,3955610,1041573941.0,1.18,-0.43,-0.004,3.53
2022-12-15,0.927,0.93,0.931,0.923,4130741,1085778868.0,0.86,0.32,0.003,3.68
2022-12-16,0.925,0.922,0.928,0.917,5494104,1434026957.0,1.18,-0.86,-0.008,4.9
2022-12-19,0.918,0.903,0.924,0.899,5127937,1323366101.0,2.71,-2.06,-0.019,4.57
2022-12-20,0.901,0.893,0.902,0.891,5639943,1433361523.0,1.22,-1.11,-0.01,5.03
2022-12-21,0.896,0.888,0.896,0.881,4979864,1253359432.0,1.68,-0.56,-0.005,4.44
2022-12-22,0.888,0.874,0.891,0.869,4459467,1115985820.0,2.48,-1.58,-0.014,3.98
2022-12-23,0.87,0.867,0.875,0.862,5737728,1414806065.0,1.49,-0.8,-0.007,5.12
2022-12-26,0.866,0.883,0.886,0.866,3867671,965510037.0,2.31,1.85,0.016,3.45
2022-12-27,0.886,0.891,0.891,0.881,3632046,911147941.0,1.13,0.91,0.008,3.24
2022-12-28,0.888,0.884,0.888,0.881,4406851,1103826073.0,0.79,-0.79,-0.007,3.93
2022-12-29,0.877,0.883,0.891,0.877,3708141,930481686.0,1.58,-0.11,-0.001,3.31
2022-12-30,0.889,0.885,0.889,0.882,4101100,1027406636.0,0.79,0.23,0.002,3.66
2023-01-03,0.882,0.904,0.906,0.882,4880024,1241124488.0,2.71,2.15,0.019,4.35
2023-01-04,0.9,0.904,0.907,0.898,4576858,1171634428.0,1.0,0.0,0.0,4.08
2023-01-05,0.904,0.914,0.914,0.903,3803736,980953877.0,1.22,1.11,0.01,3.39
2023-01-06,0.915,0.916,0.92,0.912,3465517,899918486.0,0.88,0.22,0.002,3.09
2023-01-09,0.918,0.918,0.924,0.917,6885991,1796791633.0,0.76,0.22,0.002,6.14
2023-01-10,0.918,0.92,0.922,0.914,4245869,1105596838.0,0.87,0.22,0.002,3.79
2023-01-11,0.918,0.914,0.924,0.912,4556232,1186446988.0,1.3,-0.65,-0.006,4.06
2023-01-12,0.914,0.914,0.92,0.911,3551807,921066834.0,0.98,0.0,0.0,3.17
2023-01-13,0.914,0.919,0.92,0.912,4050275,1049461547.0,0.88,0.55,0.005,3.61
2023-01-16,0.918,0.927,0.934,0.918,5283672,1389828003.0,1.74,0.87,0.008,4.71
2023-01-17,0.925,0.928,0.933,0.925,4044755,1065226849.0,0.86,0.11,0.001,3.61
2023-01-18,0.932,0.93,0.934,0.929,4043007,1067033356.0,0.54,0.22,0.002,3.61
2023-01-19,0.936,0.941,0.941,0.926,3980145,1053544532.0,1.61,1.18,0.011,3.55
2023-01-20,0.941,0.949,0.95,0.941,3330413,893184715.0,0.96,0.85,0.008,2.97
2023-01-30,0.96,0.954,0.965,0.953,5330542,1447457599.0,1.26,0.53,0.005,4.75
2023-01-31,0.953,0.956,0.961,0.951,3578947,970852069.0,1.05,0.21,0.002,3.19
2023-02-01,0.956,0.972,0.973,0.956,4924533,1347069664.0,1.78,1.67,0.016,4.39
2023-02-02,0.973,0.974,0.98,0.971,3923433,1085156306.0,0.93,0.21,0.002,3.5
2023-02-03,0.974,0.973,0.975,0.96,3501965,960577513.0,1.54,-0.1,-0.001,3.12
2023-02-06,0.967,0.97,0.974,0.964,3705033,1016725787.0,1.03,-0.31,-0.003,3.3
2023-02-07,0.968,0.974,0.974,0.965,3716710,1020501196.0,0.93,0.41,0.004,3.32
2023-02-08,0.972,0.967,0.976,0.966,3212839,883001316.0,1.03,-0.72,-0.007,2.87
2023-02-09,0.967,0.986,0.986,0.964,4167456,1153020691.0,2.28,1.96,0.019,3.72
2023-02-10,0.985,0.982,0.986,0.973,3986961,1107344251.0,1.32,-0.41,-0.004,3.56
2023-02-13,0.977,0.991,0.991,0.977,3536152,989807516.0,1.43,0.92,0.009,3.15
2023-02-14,0.991,0.993,0.994,0.988,3267714,917181173.0,0.61,0.2,0.002,2.91
2023-02-15,0.992,0.993,0.995,0.99,3238881,910675811.0,0.5,0.0,0.0,2.89
2023-02-16,0.993,0.976,0.999,0.969,4564801,1278648686.0,3.02,-1.71,-0.017,4.07
2023-02-17,0.971,0.966,0.978,0.964,3654961,1005845123.0,1.43,-1.02,-0.01,3.26
2023-02-20,0.964,0.978,0.979,0.959,3640735,997808929.0,2.07,1.24,0.012,3.25
2023-02-21,0.978,0.982,0.986,0.974,2938528,817033728.0,1.23,0.41,0.004,2.62
2023-02-22,0.982,0.984,0.987,0.977,2995984,833975376.0,1.02,0.2,0.002,2.67
2023-02-23,0.984,0.98,0.986,0.973,3001050,833552336.0,1.32,-0.41,-0.004,2.68
2023-02-24,0.98,0.978,0.983,0.971,2845403,786717794.0,1.22,-0.2,-0.002,2.54
2023-02-27,0.974,0.971,0.977,0.966,3451977,950728801.0,1.12,-0.72,-0.007,3.08
2023-02-28,0.971,0.978,0.979,0.966,3839483,1059726737.0,1.34,0.72,0.007,3.42
2023-03-01,0.978,0.984,0.984,0.974,3057530,849325079.0,1.02,0.61,0.006,2.73
2023-03-02,0.984,0.981,0.988,0.979,3502680,974382866.0,0.91,-0.3,-0.003,3.12
2023-03-03,0.98,0.98,0.985,0.973,3563703,987753544.0,1.22,-0.1,-0.001,3.18
2023-03-06,0.979,0.983,0.985,0.974,2866884,795778801.0,1.12,0.31,0.003,2.56
2023-03-07,0.981,0.965,0.983,0.964,3924068,1081351675.0,1.93,-1.83,-0.018,3.5
2023-03-08,0.965,0.968,0.97,0.962,3286705,899872035.0,0.83,0.31,0.003,2.93
2023-03-09,0.968,0.969,0.971,0.963,3501851,960051137.0,0.83,0.1,0.001,3.12
2023-03-10,0.967,0.957,0.967,0.955,4328071,1177512926.0,1.24,-1.24,-0.012,3.86
2023-03-13,0.957,0.96,0.961,0.949,3272176,885585852.0,1.25,0.31,0.003,2.92
2023-03-14,0.959,0.952,0.96,0.942,4304043,1159043116.0,1.88,-0.83,-0.008,3.84
2023-03-15,0.954,0.956,0.963,0.954,3132718,850758249.0,0.95,0.42,0.004,2.79
2023-03-16,0.955,0.942,0.955,0.939,3459661,928117964.0,1.67,-1.46,-0.014,3.09
2023-03-17,0.945,0.947,0.954,0.943,4103849,1103805020.0,1.17,0.53,0.005,3.66
2023-03-20,0.95,0.946,0.951,0.941,3819727,1024462633.0,1.06,-0.11,-0.001,3.41
2023-03-21,0.946,0.956,0.956,0.946,3138853,847541421.0,1.06,1.06,0.01,2.8
2023-03-22,0.967,0.961,0.967,0.957,2486698,676413272.0,1.05,0.52,0.005,2.22
2023-03-23,0.961,0.965,0.965,0.958,3274265,892152419.0,0.73,0.42,0.004,2.92
2023-03-24,0.966,0.965,0.967,0.962,2679953,732194266.0,0.52,0.0,0.0,2.39
2023-03-27,0.966,0.967,0.97,0.96,2335011,638782270.0,1.04,0.21,0.002,2.08
2023-03-28,0.966,0.961,0.967,0.959,5303112,1445563367.0,0.83,-0.62,-0.006,4.73
2023-03-29,0.961,0.957,0.965,0.955,3993989,1084527910.0,1.04,-0.42,-0.004,3.56
2023-03-30,0.965,0.958,0.965,0.95,4575770,1238091959.0,1.57,0.1,0.001,4.08
2023-03-31,0.963,0.966,0.967,0.958,2837491,774095444.0,0.94,0.84,0.008,2.53
2023-04-03,0.966,0.976,0.979,0.966,5014885,1382886121.0,1.35,1.04,0.01,4.47
2023-04-04,0.976,0.977,0.978,0.972,3472579,959797275.0,0.61,0.1,0.001,3.1
2023-04-06,0.975,0.98,0.981,0.972,5201897,1441843619.0,0.92,0.31,0.003,4.64
2023-04-07,0.978,0.989,0.989,0.978,2839264,793492556.0,1.12,0.92,0.009,2.53
2023-04-10,0.991,0.98,0.991,0.978,3396625,945876511.0,1.31,-0.91,-0.009,3.03
2023-04-11,0.978,0.981,0.983,0.977,3215066,891604591.0,0.61,0.1,0.001,2.87
2023-04-12,0.981,0.985,0.986,0.98,3853661,1074413532.0,0.61,0.41,0.004,3.44
2023-04-13,0.985,0.98,0.986,0.979,3185082,885690616.0,0.71,-0.51,-0.005,2.84
2023-04-14,0.98,0.985,0.986,0.977,3630957,1011714913.0,0.92,0.51,0.005,3.24
2023-04-17,0.984,0.986,0.987,0.983,2494434,695846854.0,0.41,0.1,0.001,2.22
2023-04-18,0.984,0.982,0.985,0.978,3214657,894320546.0,0.71,-0.41,-0.004,2.87
2023-04-19,0.98,0.978,0.984,0.977,3289409,914337747.0,0.71,-0.41,-0.004,2.93
2023-04-20,0.979,0.978,0.979,0.972,3102137,857254372.0,0.72,0.0,0.0,2.77
2023-04-21,0.977,0.954,0.978,0.953,3600253,984598389.0,2.56,-2.45,-0.024,3.21
2023-04-24,0.954,0.946,0.954,0.942,4344584,1165998400.0,1.26,-0.84,-0.008,3.88
2023-04-25,0.945,0.929,0.945,0.917,4309145,1138512220.0,2.96,-1.8,-0.017,3.84
2023-04-26,0.928,0.931,0.936,0.925,3276089,864152424.0,1.18,0.22,0.002,2.92
2023-04-27,0.927,0.933,0.939,0.927,3557062,940716267.0,1.29,0.21,0.002,3.17
2023-04-28,0.934,0.947,0.947,0.932,2853054,760833580.0,1.61,1.5,0.014,2.54
2023-05-04,0.946,0.946,0.947,0.94,2895078,774216980.0,0.74,-0.11,-0.001,2.58
2023-05-05,0.946,0.935,0.946,0.929,3127086,826932634.0,1.8,-1.16,-0.011,2.79
2023-05-08,0.935,0.941,0.944,0.935,2577922,686566512.0,0.96,0.64,0.006,2.3
2023-05-09,0.943,0.93,0.943,0.929,2906286,770521870.0,1.49,-1.17,-0.011,2.59
2023-05-10,0.931,0.931,0.936,0.925,2857874,752869305.0,1.18,0.11,0.001,2.55
2023-05-11,0.93,0.93,0.935,0.929,2672815,705521714.0,0.64,-0.11,-0.001,2.38
2023-05-12,0.926,0.919,0.934,0.918,2746753,719187546.0,1.72,-1.18,-0.011,2.45
2023-05-15,0.916,0.925,0.925,0.909,3158525,820651432.0,1.74,0.65,0.006,2.82
2023-05-16,0.924,0.917,0.925,0.913,2783727,724002444.0,1.3,-0.86,-0.008,2.48
2023-05-17,0.916,0.92,0.923,0.915,2785419,725247441.0,0.87,0.33,0.003,2.48
2023-05-18,0.919,0.925,0.926,0.919,3387732,886531276.0,0.76,0.54,0.005,3.02
2023-05-19,0.922,0.93,0.931,0.919,3096321,812752537.0,1.3,0.54,0.005,2.76
2023-05-22,0.928,0.928,0.931,0.922,2630519,690661989.0,0.97,-0.22,-0.002,2.35
2023-05-23,0.926,0.919,0.93,0.919,2520727,660225622.0,1.19,-0.97,-0.009,2.25
2023-05-24,0.919,0.916,0.924,0.912,2681962,697887038.0,1.31,-0.33,-0.003,2.39
2023-05-25,0.922,0.914,0.922,0.904,3631680,938726479.0,1.97,-0.22,-0.002,3.24
2023-05-26,0.913,0.922,0.924,0.908,2839349,735993947.0,1.75,0.88,0.008,2.53
2023-05-29,0.926,0.921,0.927,0.917,2616641,683537066.0,1.08,-0.11,-0.001,2.33
2023-05-30,0.917,0.925,0.926,0.911,3181089,827998959.0,1.63,0.43,0.004,2.84
2023-05-31,0.923,0.925,0.927,0.918,2549951,666782841.0,0.97,0.0,0.0,2.27
2023-06-01,0.923,0.927,0.932,0.919,2680400,704208324.0,1.41,0.22,0.002,2.39
2023-06-02,0.928,0.933,0.936,0.928,2540923,672162849.0,0.86,0.65,0.006,2.27
2023-06-05,0.937,0.934,0.937,0.931,2434960,644398695.0,0.64,0.11,0.001,2.17
2023-06-06,0.934,0.914,0.934,0.913,2463676,645323509.0,2.25,-2.14,-0.02,2.2
2023-06-07,0.925,0.914,0.925,0.912,2728247,707748817.0,1.42,0.0,0.0,2.43
2023-06-08,0.917,0.91,0.917,0.903,2882822,742334037.0,1.53,-0.44,-0.004,2.57
2023-06-09,0.91,0.916,0.917,0.907,2651481,684778548.0,1.1,0.66,0.006,2.36
2023-06-12,0.916,0.92,0.923,0.914,2616142,682292299.0,0.98,0.44,0.004,2.33
2023-06-13,0.918,0.923,0.925,0.918,2713866,709522441.0,0.76,0.33,0.003,2.42
2023-06-14,0.923,0.927,0.929,0.923,2671690,700954311.0,0.65,0.43,0.004,2.38
2023-06-15,0.924,0.932,0.935,0.924,2718789,716917706.0,1.19,0.54,0.005,2.42
2023-06-16,0.932,0.94,0.942,0.932,2925464,778070435.0,1.07,0.86,0.008,2.61
2023-06-19,0.94,0.943,0.945,0.939,2557622,683307903.0,0.64,0.32,0.003,2.28
2023-06-20,0.942,0.944,0.948,0.941,2117054,566517796.0,0.74,0.11,0.001,1.89
2023-06-21,0.942,0.925,0.942,0.925,3154229,833967496.0,1.8,-2.01,-0.019,2.81
2023-06-26,0.921,0.909,0.925,0.906,3445401,892838357.0,2.05,-1.73,-0.016,3.07
2023-06-27,0.91,0.918,0.92,0.91,2429264,630689161.0,1.1,0.99,0.009,2.17
2023-06-28,0.916,0.916,0.917,0.901,3024876,778128988.0,1.74,-0.22,-0.002,2.7
2023-06-29,0.913,0.921,0.923,0.913,2418393,629437860.0,1.09,0.55,0.005,2.16
2023-06-30,0.918,0.934,0.936,0.918,3756379,990411633.0,1.95,1.41,0.013,3.35
2023-07-03,0.934,0.932,0.939,0.929,2718748,718755852.0,1.07,-0.21,-0.002,2.42
2023-07-04,0.933,0.937,0.937,0.932,3040279,805335342.0,0.54,0.54,0.005,2.71
2023-07-05,0.935,0.93,0.937,0.928,2456850,649491679.0,0.96,-0.75,-0.007,2.19
2023-07-06,0.931,0.926,0.936,0.925,2987097,786184624.0,1.18,-0.43,-0.004,2.66
2023-07-07,0.927,0.923,0.927,0.917,2471130,645111127.0,1.08,-0.32,-0.003,2.2
2023-07-10,0.924,0.922,0.927,0.919,2247293,588027560.0,0.87,-0.11,-0.001,2.0
2023-07-11,0.923,0.929,0.93,0.92,2305093,604747004.0,1.08,0.76,0.007,2.06
2023-07-12,0.925,0.917,0.93,0.916,2708497,708337981.0,1.51,-1.29,-0.012,2.42
2023-07-13,0.917,0.926,0.927,0.917,2794766,730970981.0,1.09,0.98,0.009,2.49
2023-07-14,0.926,0.924,0.929,0.924,2119136,556242429.0,0.54,-0.22,-0.002,1.89
2023-07-17,0.923,0.921,0.923,0.915,2744306,713654036.0,0.87,-0.32,-0.003,2.45
2023-07-18,0.923,0.921,0.924,0.917,3008602,784089317.0,0.76,0.0,0.0,2.68
2023-07-19,0.92,0.918,0.923,0.913,2575907,669415532.0,1.09,-0.33,-0.003,2.3
2023-07-20,0.918,0.906,0.922,0.905,3264127,846409075.0,1.85,-1.31,-0.012,2.91
2023-07-21,0.906,0.906,0.912,0.902,3618685,930072935.0,1.1,0.0,0.0,3.23
2023-07-24,0.904,0.904,0.911,0.902,2910082,747132028.0,0.99,-0.22,-0.002,2.6
2023-07-25,0.912,0.918,0.919,0.912,3739485,970411359.0,0.77,1.55,0.014,3.34
2023-07-26,0.918,0.914,0.918,0.911,3112828,805862840.0,0.76,-0.44,-0.004,2.78
2023-07-27,0.914,0.907,0.917,0.905,3682641,950384516.0,1.31,-0.77,-0.007,3.28
2023-07-28,0.906,0.914,0.916,0.901,3520459,906725000.0,1.65,0.77,0.007,3.14
2023-07-31,0.915,0.921,0.927,0.915,2966402,775174342.0,1.31,0.77,0.007,2.65
2023-08-01,0.921,0.919,0.923,0.917,3706062,966588330.0,0.65,-0.22,-0.002,3.31
2023-08-02,0.919,0.917,0.921,0.914,3550141,922556085.0,0.76,-0.22,-0.002,3.17
2023-08-03,0.915,0.918,0.918,0.913,3393952,880782039.0,0.55,0.11,0.001,3.03
2023-08-04,0.922,0.924,0.929,0.919,3453065,904073337.0,1.09,0.65,0.006,3.08
2023-08-07,0.925,0.92,0.925,0.918,3556223,927362865.0,0.76,-0.43,-0.004,3.17
2023-08-08,0.918,0.916,0.92,0.912,3312787,859261290.0,0.87,-0.43,-0.004,2.95
2023-08-09,0.914,0.909,0.915,0.907,3671962,947137465.0,0.87,-0.76,-0.007,3.28
2023-08-10,0.909,0.908,0.911,0.904,3522556,906317082.0,0.77,-0.11,-0.001,3.14
2023-08-11,0.908,0.892,0.91,0.892,3426125,873382002.0,1.98,-1.76,-0.016,3.06
2023-08-14,0.889,0.893,0.895,0.879,3927054,986274388.0,1.79,0.11,0.001,3.5
2023-08-15,0.892,0.887,0.895,0.877,3692772,925962927.0,2.02,-0.67,-0.006,3.29
2023-08-16,0.885,0.876,0.886,0.876,4030711,1005976046.0,1.13,-1.24,-0.011,3.6
2023-08-17,0.871,0.883,0.886,0.867,5719148,1425086694.0,2.17,0.8,0.007,5.1
2023-08-18,0.884,0.866,0.887,0.865,3511232,872916930.0,2.49,-1.93,-0.017,3.13
2023-08-21,0.867,0.856,0.871,0.856,3635736,892221949.0,1.73,-1.15,-0.01,3.24
2023-08-22,0.857,0.861,0.864,0.847,5069332,1228178632.0,1.99,0.58,0.005,4.52
2023-08-23,0.857,0.846,0.859,0.846,5268999,1272581483.0,1.51,-1.74,-0.015,4.7
2023-08-24,0.844,0.847,0.857,0.842,6434570,1545034768.0,1.77,0.12,0.001,5.74
2023-08-25,0.846,0.833,0.847,0.828,6880230,1636036427.0,2.24,-1.65,-0.014,6.14
2023-08-28,0.886,0.838,0.886,0.835,6443519,1553495932.0,6.12,0.6,0.005,5.75
2023-08-29,0.836,0.863,0.868,0.835,6131239,1482238722.0,3.94,2.98,0.025,5.47
2023-08-30,0.862,0.867,0.876,0.862,4179166,1029913212.0,1.62,0.46,0.004,3.73
2023-08-31,0.864,0.864,0.868,0.86,3622357,885895501.0,0.92,-0.35,-0.003,3.23
2023-09-01,0.863,0.863,0.869,0.86,2766787,676501119.0,1.04,-0.12,-0.001,2.47
2023-09-04,0.864,0.877,0.877,0.863,3511777,864878013.0,1.62,1.62,0.014,3.13
2023-09-05,0.875,0.872,0.878,0.87,3651090,902497354.0,0.91,-0.57,-0.005,3.26
2023-09-06,0.871,0.875,0.877,0.863,2692521,664814202.0,1.61,0.34,0.003,2.4
2023-09-07,0.875,0.861,0.875,0.859,3778684,927716936.0,1.83,-1.6,-0.014,3.37
2023-09-08,0.858,0.862,0.866,0.857,4355757,1064153511.0,1.05,0.12,0.001,3.89
2023-09-11,0.864,0.874,0.877,0.859,2823263,695854231.0,2.09,1.39,0.012,2.52
2023-09-12,0.873,0.874,0.878,0.871,2376697,589048358.0,0.8,0.0,0.0,2.12
2023-09-13,0.871,0.863,0.874,0.856,2949713,720900435.0,2.06,-1.26,-0.011,2.63
2023-09-14,0.862,0.859,0.862,0.853,2912946,707784026.0,1.04,-0.46,-0.004,2.6
2023-09-15,0.859,0.859,0.866,0.854,3419303,831363885.0,1.4,0.0,0.0,3.05
2023-09-18,0.856,0.861,0.864,0.853,3141488,765329585.0,1.28,0.23,0.002,2.8
2023-09-19,0.861,0.854,0.861,0.85,2499851,604124440.0,1.28,-0.81,-0.007,2.23
2023-09-20,0.861,0.847,0.861,0.846,3193740,769394877.0,1.76,-0.82,-0.007,2.85
2023-09-21,0.854,0.84,0.854,0.838,2622277,626121742.0,1.89,-0.83,-0.007,2.34
2023-09-22,0.836,0.857,0.857,0.836,3538342,850809142.0,2.5,2.02,0.017,3.16
2023-09-25,0.857,0.853,0.857,0.85,2761396,666646408.0,0.82,-0.47,-0.004,2.46
2023-09-26,0.853,0.848,0.853,0.848,2577328,620995466.0,0.59,-0.59,-0.005,2.3
2023-09-27,0.848,0.854,0.858,0.847,3078416,745070796.0,1.3,0.71,0.006,2.75
2023-09-28,0.854,0.859,0.86,0.854,3060616,743321374.0,0.7,0.59,0.005,2.73
2023-10-09,0.841,0.857,0.859,0.841,4209772,1019429023.0,2.1,-0.23,-0.002,3.75
2023-10-10,0.857,0.854,0.861,0.853,3451099,836121705.0,0.93,-0.35,-0.003,3.08
2023-10-11,0.856,0.856,0.864,0.853,2784731,676408265.0,1.29,0.23,0.002,2.48
2023-10-12,0.859,0.863,0.863,0.856,3057475,744953941.0,0.82,0.82,0.007,2.73
2023-10-13,0.859,0.86,0.861,0.857,2350410,572098647.0,0.46,-0.35,-0.003,2.1
2023-10-16,0.86,0.851,0.861,0.848,4040885,976063006.0,1.51,-1.05,-0.009,3.6
2023-10-17,0.853,0.85,0.853,0.844,2213577,531052836.0,1.06,-0.12,-0.001,1.97
2023-10-18,0.848,0.836,0.848,0.834,3577085,848798100.0,1.65,-1.65,-0.014,3.19
2023-10-19,0.834,0.827,0.838,0.825,3075835,724384665.0,1.56,-1.08,-0.009,2.74
2023-10-20,0.826,0.817,0.828,0.814,3447424,801385955.0,1.69,-1.21,-0.01,3.07
2023-10-23,0.814,0.795,0.816,0.792,3768233,855569651.0,2.94,-2.69,-0.022,3.36
2023-10-24,0.795,0.806,0.811,0.794,2907221,660940498.0,2.14,1.38,0.011,2.59
2023-10-25,0.81,0.815,0.821,0.809,2497233,578377744.0,1.49,1.12,0.009,2.23
2023-10-26,0.812,0.821,0.823,0.81,2147124,495865129.0,1.6,0.74,0.006,1.92
2023-10-27,0.819,0.837,0.84,0.816,2197719,517094201.0,2.92,1.95,0.016,1.96
2023-10-30,0.836,0.848,0.851,0.835,2043393,488373816.0,1.91,1.31,0.011,1.82
2023-10-31,0.848,0.845,0.849,0.84,2005709,479716601.0,1.06,-0.35,-0.003,1.79
2023-11-01,0.843,0.843,0.846,0.84,1738522,414831675.0,0.71,-0.24,-0.002,1.55
2023-11-02,0.845,0.833,0.847,0.833,2119152,502971702.0,1.66,-1.19,-0.01,1.89
2023-11-03,0.833,0.844,0.848,0.833,2755883,658600968.0,1.8,1.32,0.011,2.46
2023-11-06,0.851,0.861,0.862,0.846,2882066,700163077.0,1.9,2.01,0.017,2.57
2023-11-07,0.859,0.864,0.868,0.858,3520611,860232277.0,1.16,0.35,0.003,3.14
2023-11-08,0.861,0.866,0.87,0.861,2284739,560446897.0,1.04,0.23,0.002,2.04
2023-11-09,0.864,0.863,0.871,0.86,1974741,483303462.0,1.27,-0.35,-0.003,1.76
2023-11-10,0.86,0.86,0.862,0.856,2010609,489432322.0,0.7,-0.35,-0.003,1.79
2023-11-13,0.862,0.868,0.869,0.861,1918504,469927453.0,0.93,0.93,0.008,1.71
2023-11-14,0.866,0.874,0.876,0.866,2190343,540471859.0,1.15,0.69,0.006,1.95
2023-11-15,0.877,0.877,0.881,0.874,1937531,481343856.0,0.8,0.34,0.003,1.73
2023-11-16,0.877,0.868,0.877,0.867,1859106,459214849.0,1.14,-1.03,-0.009,1.66
2023-11-17,0.867,0.876,0.877,0.865,1748320,431454865.0,1.38,0.92,0.008,1.56
2023-11-20,0.875,0.884,0.885,0.873,2282782,568541593.0,1.37,0.91,0.008,2.04
2023-11-21,0.884,0.878,0.887,0.876,1959404,489562267.0,1.24,-0.68,-0.006,1.75
2023-11-22,0.875,0.867,0.88,0.866,2231553,552528595.0,1.59,-1.25,-0.011,1.99
2023-11-23,0.865,0.876,0.877,0.863,2113058,521638410.0,1.61,1.04,0.009,1.88
2023-11-24,0.875,0.865,0.876,0.862,2637191,647952280.0,1.6,-1.26,-0.011,2.35
2023-11-27,0.864,0.865,0.867,0.858,1938464,473213035.0,1.04,0.0,0.0,1.73
2023-11-28,0.863,0.867,0.869,0.856,1950983,477743858.0,1.5,0.23,0.002,1.74
2023-11-29,0.867,0.865,0.869,0.862,1979741,485938550.0,0.81,-0.23,-0.002,1.77
2023-11-30,0.863,0.862,0.865,0.852,1942691,472042939.0,1.5,-0.35,-0.003,1.73
2023-12-01,0.86,0.866,0.869,0.855,1809012,440967318.0,1.62,0.46,0.004,1.61
2023-12-04,0.866,0.864,0.87,0.863,1671884,410158986.0,0.81,-0.23,-0.002,1.49
2023-12-05,0.862,0.848,0.862,0.848,1761211,426564147.0,1.62,-1.85,-0.016,1.57
2023-12-06,0.847,0.851,0.858,0.844,2382209,574200400.0,1.65,0.35,0.003,2.12
2023-12-07,0.851,0.851,0.855,0.845,2323903,559486302.0,1.18,0.0,0.0,2.07
2023-12-08,0.854,0.85,0.857,0.849,2546523,614797283.0,0.94,-0.12,-0.001,2.27
2023-12-11,0.839,0.858,0.862,0.839,2471799,595758614.0,2.71,0.94,0.008,2.2
2023-12-12,0.858,0.86,0.861,0.857,3116099,758397483.0,0.47,0.23,0.002,2.78
2023-12-13,0.858,0.853,0.86,0.852,3147125,764857690.0,0.93,-0.81,-0.007,2.81
2023-12-14,0.857,0.848,0.86,0.847,2539925,614528182.0,1.52,-0.59,-0.005,2.27
2023-12-15,0.848,0.842,0.852,0.839,2175764,521169394.0,1.53,-0.71,-0.006,1.94
2023-12-18,0.84,0.83,0.841,0.827,1656024,391963558.0,1.66,-1.43,-0.012,1.48
2023-12-19,0.829,0.83,0.834,0.824,2349095,551298341.0,1.2,0.0,0.0,2.1
2023-12-20,0.83,0.816,0.831,0.816,2295338,536081203.0,1.81,-1.69,-0.014,2.05
2023-12-21,0.816,0.821,0.823,0.805,1909772,440662663.0,2.21,0.61,0.005,1.7
2023-12-22,0.819,0.813,0.824,0.809,4507484,1039452453.0,1.83,-0.97,-0.008,4.02
2023-12-25,0.813,0.811,0.815,0.807,2003262,459727377.0,0.98,-0.25,-0.002,1.79
2023-12-26,0.811,0.8,0.811,0.798,3743079,850684821.0,1.6,-1.36,-0.011,3.34
2023-12-27,0.8,0.805,0.808,0.797,2385362,542276548.0,1.38,0.63,0.005,2.13
2023-12-28,0.805,0.823,0.825,0.801,4370387,1009676871.0,2.98,2.24,0.018,3.9
2023-12-29,0.823,0.836,0.836,0.822,4004796,942107390.0,1.7,1.58,0.013,3.57
2024-01-02,0.836,0.826,0.843,0.826,4333208,1020133312.0,2.03,-1.2,-0.01,3.86
2024-01-03,0.825,0.822,0.829,0.816,4853146,1133178687.0,1.57,-0.48,-0.004,4.33
2024-01-04,0.822,0.817,0.822,0.811,3946831,913336120.0,1.34,-0.61,-0.005,3.52
2024-01-05,0.817,0.803,0.819,0.8,3859333,888484976.0,2.33,-1.71,-0.014,3.44
2024-01-08,0.8,0.782,0.8,0.778,4006802,895903499.0,2.74,-2.62,-0.021,3.57
2024-01-09,0.783,0.785,0.792,0.778,3915389,871716210.0,1.79,0.38,0.003,3.49
2024-01-10,0.784,0.779,0.79,0.772,2133568,471568633.0,2.29,-0.76,-0.006,1.9
2024-01-11,0.779,0.794,0.799,0.779,2409292,538456208.0,2.57,1.93,0.015,2.15
2024-01-12,0.793,0.788,0.799,0.787,2591707,582462617.0,1.51,-0.76,-0.006,2.31
2024-01-15,0.787,0.786,0.794,0.781,1849507,412722352.0,1.65,-0.25,-0.002,1.65
2024-01-16,0.776,0.783,0.787,0.773,1815127,401808823.0,1.78,-0.38,-0.003,1.62
2024-01-17,0.78,0.763,0.782,0.762,2191724,481448202.0,2.55,-2.55,-0.02,1.95
2024-01-18,0.759,0.759,0.764,0.737,2754857,583984402.0,3.54,-0.52,-0.004,2.46
2024-01-19,0.754,0.749,0.762,0.748,2488406,533369472.0,1.84,-1.32,-0.01,2.22
2024-01-22,0.748,0.708,0.749,0.702,2441502,502720873.0,6.28,-5.47,-0.041,2.18
2024-01-23,0.708,0.717,0.721,0.697,2212581,445780452.0,3.39,1.27,0.009,1.97
2024-01-24,0.722,0.727,0.729,0.699,1731035,351045144.0,4.18,1.39,0.01,1.54
2024-01-25,0.726,0.753,0.754,0.723,1710870,358827020.0,4.26,3.58,0.026,1.53
2024-01-26,0.755,0.745,0.757,0.744,1445567,307818235.0,1.73,-1.06,-0.008,1.29
2024-01-29,0.738,0.725,0.751,0.724,1172007,243962083.0,3.62,-2.68,-0.02,1.05
2024-01-30,0.723,0.705,0.727,0.704,1402470,285037030.0,3.17,-2.76,-0.02,1.25
2024-01-31,0.703,0.677,0.706,0.674,1992011,389365656.0,4.54,-3.97,-0.028,1.78
2024-02-01,0.674,0.672,0.688,0.662,2026053,387109445.0,3.84,-0.74,-0.005,1.81
2024-02-02,0.672,0.647,0.681,0.628,2294474,424239130.0,7.89,-3.72,-0.025,2.05
2024-02-05,0.633,0.607,0.639,0.591,2139684,374043651.0,7.42,-6.18,-0.04,1.91
2024-02-06,0.6,0.65,0.658,0.592,25069781,4391427105.0,10.87,7.08,0.043,22.36
2024-02-07,0.65,0.682,0.688,0.65,11728945,2242885828.0,5.85,4.92,0.032,10.46
2024-02-08,0.685,0.707,0.719,0.685,4831205,969521223.0,4.99,3.67,0.025,4.31
2024-02-19,0.712,0.709,0.718,0.698,8714525,1751580707.0,2.83,0.28,0.002,7.77
2024-02-20,0.699,0.712,0.716,0.699,2383927,476379316.0,2.4,0.42,0.003,2.13
2024-02-21,0.707,0.715,0.737,0.704,4358149,891841607.0,4.63,0.42,0.003,3.89
2024-02-22,0.714,0.728,0.729,0.713,2654572,543371474.0,2.24,1.82,0.013,2.37
2024-02-23,0.729,0.74,0.741,0.722,2021166,418466956.0,2.61,1.65,0.012,1.8
2024-02-26,0.74,0.742,0.753,0.734,2443227,513890018.0,2.57,0.27,0.002,2.18
2024-02-27,0.739,0.762,0.763,0.737,2513471,535815765.0,3.5,2.7,0.02,2.24
2024-02-28,0.763,0.726,0.774,0.726,4559426,974245595.0,6.3,-4.72,-0.036,4.07
2024-02-29,0.725,0.755,0.757,0.724,3177719,670477803.0,4.55,3.99,0.029,2.83
2024-03-01,0.755,0.765,0.766,0.751,3582387,768899631.0,1.99,1.32,0.01,3.2
2024-03-04,0.765,0.766,0.767,0.752,3499614,754288012.0,1.96,0.13,0.001,3.12
2024-03-05,0.759,0.759,0.765,0.754,6272861,1352835436.0,1.44,-0.91,-0.007,5.59
2024-03-06,0.756,0.759,0.768,0.75,2349082,505668167.0,2.37,0.0,0.0,2.1
2024-03-07,0.76,0.749,0.768,0.748,2796756,598940432.0,2.64,-1.32,-0.01,2.49
2024-03-08,0.749,0.758,0.762,0.746,1685612,360391532.0,2.14,1.2,0.009,1.5
2024-03-11,0.755,0.773,0.774,0.754,2264600,489469113.0,2.64,1.98,0.015,2.02
2024-03-12,0.773,0.776,0.782,0.768,2207140,484527232.0,1.81,0.39,0.003,1.97
2024-03-13,0.776,0.78,0.787,0.773,1582076,349491720.0,1.8,0.52,0.004,1.41
2024-03-14,0.778,0.775,0.783,0.768,2203822,484398456.0,1.92,-0.64,-0.005,1.97
2024-03-15,0.773,0.787,0.788,0.77,2244559,494147375.0,2.32,1.55,0.012,2.0
2024-03-18,0.787,0.799,0.799,0.785,1631210,366451731.0,1.78,1.52,0.012,1.45
2024-03-19,0.798,0.792,0.799,0.791,1302348,293308164.0,1.0,-0.88,-0.007,1.16
2024-03-20,0.794,0.799,0.801,0.791,2557523,577522155.0,1.26,0.88,0.007,2.28
2024-03-21,0.8,0.799,0.805,0.794,1723980,390286063.0,1.38,0.0,0.0,1.54
2024-03-22,0.796,0.79,0.799,0.784,1703250,380985040.0,1.88,-1.13,-0.009,1.52
2024-03-25,0.79,0.774,0.793,0.773,2350307,524356934.0,2.53,-2.03,-0.016,2.1
2024-03-26,0.773,0.768,0.777,0.761,2008220,437633563.0,2.07,-0.78,-0.006,1.79
2024-03-27,0.769,0.746,0.769,0.744,2133284,457513826.0,3.26,-2.86,-0.022,1.9
2024-03-28,0.745,0.761,0.769,0.744,1970441,424666090.0,3.35,2.01,0.015,1.76
2024-03-29,0.761,0.769,0.77,0.755,2497564,538280476.0,1.97,1.05,0.008,2.23
2024-04-01,0.77,0.785,0.787,0.77,2147015,475102414.0,2.21,2.08,0.016,1.91
2024-04-02,0.786,0.781,0.786,0.776,1975684,436650082.0,1.27,-0.51,-0.004,1.76
2024-04-03,0.781,0.778,0.781,0.77,1917283,421148983.0,1.41,-0.38,-0.003,1.71
2024-04-08,0.777,0.763,0.777,0.762,1229414,268176104.0,1.93,-1.93,-0.015,1.1
2024-04-09,0.763,0.772,0.773,0.762,1452186,315576694.0,1.44,1.18,0.009,1.3
2024-04-10,0.772,0.759,0.772,0.753,1175153,253613419.0,2.46,-1.68,-0.013,1.05
2024-04-11,0.754,0.761,0.77,0.754,1689000,365027059.0,2.11,0.26,0.002,1.51
2024-04-12,0.761,0.754,0.765,0.754,1189851,255969641.0,1.45,-0.92,-0.007,1.06
2024-04-15,0.755,0.748,0.758,0.736,1644654,348482772.0,2.92,-0.8,-0.006,1.47
2024-04-16,0.74,0.716,0.746,0.715,2627761,542171994.0,4.14,-4.28,-0.032,2.34
2024-04-17,0.721,0.748,0.749,0.721,1798988,376705208.0,3.91,4.47,0.032,1.6
2024-04-18,0.744,0.748,0.757,0.739,2126982,452032608.0,2.41,0.0,0.0,1.9
2024-04-19,0.746,0.743,0.752,0.738,2141624,451033730.0,1.87,-0.67,-0.005,1.91
2024-04-22,0.736,0.741,0.751,0.733,1557698,328246573.0,2.42,-0.27,-0.002,1.39
2024-04-23,0.742,0.737,0.745,0.733,1612806,337104531.0,1.62,-0.54,-0.004,1.44
2024-04-24,0.739,0.751,0.752,0.735,1667321,351890465.0,2.31,1.9,0.014,1.49
2024-04-25,0.751,0.751,0.758,0.746,1346035,287084183.0,1.6,0.0,0.0,1.2
2024-04-26,0.751,0.766,0.768,0.751,2103298,454048574.0,2.26,2.0,0.015,1.88
2024-04-29,0.765,0.785,0.787,0.765,4018996,890339720.0,2.87,2.48,0.019,3.58
2024-04-30,0.786,0.777,0.786,0.775,1351473,298755053.0,1.4,-1.02,-0.008,1.21
2024-05-06,0.792,0.791,0.795,0.787,2131306,477829177.0,1.03,1.8,0.014,1.9
2024-05-07,0.791,0.795,0.797,0.79,1722335,387346466.0,0.88,0.51,0.004,1.54
2024-05-08,0.794,0.784,0.794,0.782,1584034,353081543.0,1.51,-1.38,-0.011,1.41
2024-05-09,0.785,0.796,0.799,0.784,1701258,382968761.0,1.91,1.53,0.012,1.52
2024-05-10,0.796,0.789,0.8,0.785,2453640,547908766.0,1.88,-0.88,-0.007,2.19
2024-05-13,0.785,0.781,0.788,0.775,1849139,409090408.0,1.65,-1.01,-0.008,1.65
2024-05-14,0.781,0.786,0.791,0.781,2192143,487928747.0,1.28,0.64,0.005,1.96
2024-05-15,0.785,0.778,0.786,0.776,1191349,263917164.0,1.27,-1.02,-0.008,1.06
2024-05-16,0.78,0.778,0.785,0.774,1174887,259457721.0,1.41,0.0,0.0,1.05
2024-05-17,0.778,0.789,0.789,0.775,1972321,437271395.0,1.8,1.41,0.011,1.76
2024-05-20,0.789,0.791,0.796,0.786,3191401,715518835.0,1.27,0.25,0.002,2.85
2024-05-21,0.791,0.784,0.791,0.781,1496077,332883658.0,1.26,-0.88,-0.007,1.33
2024-05-22,0.782,0.785,0.787,0.78,569924,126520468.0,0.89,0.13,0.001,0.51
2024-05-23,0.783,0.768,0.783,0.764,1179641,257795094.0,2.42,-2.17,-0.017,1.05
2024-05-24,0.764,0.759,0.771,0.758,881880,191085922.0,1.69,-1.17,-0.009,0.79
2024-05-27,0.759,0.766,0.766,0.75,1014783,217351742.0,2.11,0.92,0.007,0.91
2024-05-28,0.763,0.758,0.768,0.758,803850,173680427.0,1.31,-1.04,-0.008,0.72
2024-05-29,0.756,0.76,0.765,0.755,739710,159428710.0,1.32,0.26,0.002,0.66
2024-05-30,0.756,0.758,0.763,0.753,703656,151265522.0,1.32,-0.26,-0.002,0.63
2024-05-31,0.759,0.761,0.765,0.759,945112,204161904.0,0.79,0.4,0.003,0.84
2024-06-03,0.761,0.75,0.761,0.745,1182355,251681816.0,2.1,-1.45,-0.011,1.05
2024-06-04,0.749,0.756,0.757,0.744,1030008,218916640.0,1.73,0.8,0.006,0.92
2024-06-05,0.754,0.745,0.758,0.745,613764,130899729.0,1.72,-1.46,-0.011,0.55
2024-06-06,0.747,0.732,0.753,0.727,1444606,301949509.0,3.49,-1.74,-0.013,1.29
2024-06-07,0.736,0.732,0.74,0.725,887567,184186609.0,2.05,0.0,0.0,0.79
2024-06-11,0.728,0.741,0.743,0.724,940771,195390530.0,2.6,1.23,0.009,0.84
2024-06-12,0.74,0.742,0.745,0.739,869630,183013585.0,0.81,0.13,0.001,0.78
2024-06-13,0.744,0.738,0.744,0.736,826076,173014608.0,1.08,-0.54,-0.004,0.74
2024-06-14,0.738,0.739,0.741,0.733,1641257,342638765.0,1.08,0.14,0.001,1.46
2024-06-17,0.739,0.738,0.743,0.735,921550,193277129.0,1.08,-0.14,-0.001,0.82
2024-06-18,0.739,0.745,0.747,0.738,1466011,309080603.0,1.22,0.95,0.007,1.31
2024-06-19,0.746,0.736,0.748,0.735,1677194,350661568.0,1.74,-1.21,-0.009,1.5
2024-06-20,0.734,0.721,0.737,0.72,1335336,274909347.0,2.31,-2.04,-0.015,1.19
2024-06-21,0.72,0.72,0.725,0.716,1027330,209802471.0,1.25,-0.14,-0.001,0.92
2024-06-24,0.717,0.697,0.717,0.697,918318,183558439.0,2.78,-3.19,-0.023,0.82
2024-06-25,0.697,0.692,0.701,0.687,1057806,208427575.0,2.01,-0.72,-0.005,0.94
2024-06-26,0.69,0.712,0.713,0.688,1252348,248566868.0,3.61,2.89,0.02,1.12
2024-06-27,0.712,0.696,0.712,0.694,1142421,226981243.0,2.53,-2.25,-0.016,1.02
2024-06-28,0.696,0.699,0.711,0.694,2287155,457419367.0,2.44,0.43,0.003,2.04
2024-07-01,0.699,0.705,0.708,0.691,1647743,325422082.0,2.43,0.86,0.006,1.47
2024-07-02,0.704,0.7,0.707,0.697,1334398,265389586.0,1.42,-0.71,-0.005,1.19
2024-07-03,0.7,0.696,0.701,0.694,649884,128522379.0,1.0,-0.57,-0.004,0.58
2024-07-04,0.696,0.68,0.698,0.678,3184308,616642476.0,2.87,-2.3,-0.016,2.84
2024-07-05,0.679,0.688,0.691,0.674,1848563,356553890.0,2.5,1.18,0.008,1.65
2024-07-08,0.685,0.671,0.686,0.668,1024308,196305449.0,2.62,-2.47,-0.017,0.91
2024-07-09,0.671,0.686,0.689,0.665,2124065,406856675.0,3.58,2.24,0.015,1.89
2024-07-10,0.684,0.683,0.691,0.681,972918,189182129.0,1.46,-0.44,-0.003,0.87
2024-07-11,0.691,0.7,0.701,0.69,1685065,333082690.0,1.61,2.49,0.017,1.5
2024-07-12,0.699,0.698,0.701,0.695,891315,176280214.0,0.86,-0.29,-0.002,0.79
2024-07-15,0.694,0.69,0.696,0.688,6786263,1333901661.0,1.15,-1.15,-0.008,6.05
2024-07-16,0.688,0.691,0.694,0.684,2067574,403297091.0,1.45,0.14,0.001,1.84
2024-07-17,0.69,0.688,0.693,0.686,6785616,1324764675.0,1.01,-0.43,-0.003,6.05
2024-07-18,0.685,0.689,0.691,0.676,6050288,1169549607.0,2.18,0.15,0.001,5.4
2024-07-19,0.684,0.69,0.696,0.684,3123476,612169906.0,1.74,0.15,0.001,2.79
2024-07-22,0.69,0.69,0.694,0.686,1690697,330990553.0,1.16,0.0,0.0,1.51
2024-07-23,0.69,0.673,0.691,0.672,961164,185421178.0,2.75,-2.46,-0.017,0.86
2024-07-24,0.673,0.663,0.674,0.662,2200226,416390179.0,1.78,-1.49,-0.01,1.96
2024-07-25,0.661,0.664,0.671,0.658,1962699,369601098.0,1.96,0.15,0.001,1.75
2024-07-26,0.662,0.674,0.676,0.662,839670,159973028.0,2.11,1.51,0.01,0.75
2024-07-29,0.674,0.671,0.675,0.668,687394,130689077.0,1.04,-0.45,-0.003,0.61
2024-07-30,0.671,0.674,0.677,0.664,731559,138994825.0,1.94,0.45,0.003,0.65
2024-07-31,0.673,0.702,0.703,0.672,2677526,523075894.0,4.6,4.15,0.028,2.39
2024-08-01,0.703,0.698,0.708,0.694,1251908,248633901.0,1.99,-0.57,-0.004,1.12
2024-08-02,0.695,0.689,0.703,0.687,885786,174408080.0,2.29,-1.29,-0.009,0.79
2024-08-05,0.686,0.671,0.696,0.67,2446185,471737493.0,3.77,-2.61,-0.018,2.18
2024-08-06,0.677,0.679,0.684,0.672,1086489,208513204.0,1.79,1.19,0.008,0.97
2024-08-07,0.677,0.678,0.683,0.674,1482717,285540002.0,1.33,-0.15,-0.001,1.32
2024-08-08,0.677,0.679,0.685,0.67,1293771,248457600.0,2.21,0.15,0.001,1.15
2024-08-09,0.68,0.674,0.687,0.673,1112318,214019872.0,2.06,-0.74,-0.005,0.99
2024-08-12,0.672,0.671,0.674,0.668,884857,168250958.0,0.89,-0.45,-0.003,0.79
2024-08-13,0.671,0.673,0.674,0.666,1029969,195298821.0,1.19,0.3,0.002,0.92
2024-08-14,0.673,0.666,0.673,0.665,1263345,239221086.0,1.19,-1.04,-0.007,1.13
2024-08-15,0.665,0.671,0.68,0.663,2106175,401997486.0,2.55,0.75,0.005,1.88
2024-08-16,0.672,0.667,0.674,0.666,1349445,255741658.0,1.19,-0.6,-0.004,1.2
2024-08-19,0.666,0.668,0.677,0.666,981368,186647157.0,1.65,0.15,0.001,0.88
2024-08-20,0.668,0.656,0.668,0.653,3995827,744787072.0,2.25,-1.8,-0.012,3.56
2024-08-21,0.652,0.653,0.658,0.652,924032,171273469.0,0.91,-0.46,-0.003,0.82
2024-08-22,0.653,0.645,0.655,0.644,1267138,232143062.0,1.68,-1.23,-0.008,1.13
2024-08-23,0.644,0.646,0.647,0.641,1797285,328216074.0,0.93,0.16,0.001,1.6
2024-08-26,0.645,0.648,0.651,0.643,1801163,330757353.0,1.24,0.31,0.002,1.61
2024-08-27,0.647,0.64,0.647,0.638,3640747,661816635.0,1.39,-1.23,-0.008,3.25
2024-08-28,0.64,0.641,0.647,0.637,1936141,352432551.0,1.56,0.16,0.001,1.73
2024-08-29,0.64,0.652,0.655,0.638,1386058,254819321.0,2.65,1.72,0.011,1.24
2024-08-30,0.652,0.664,0.674,0.651,3125977,590989923.0,3.53,1.84,0.012,2.79
2024-09-02,0.664,0.65,0.666,0.649,1923779,357997523.0,2.56,-2.11,-0.014,1.72
2024-09-03,0.65,0.655,0.66,0.649,1183897,219638039.0,1.69,0.77,0.005,1.06
2024-09-04,0.653,0.653,0.659,0.649,1434298,265293088.0,1.53,-0.31,-0.002,1.28
2024-09-05,0.655,0.658,0.663,0.653,781733,145656811.0,1.53,0.77,0.005,0.7
2024-09-06,0.659,0.648,0.66,0.646,1212946,224019966.0,2.13,-1.52,-0.01,1.08
2024-09-09,0.645,0.641,0.65,0.64,767926,140084368.0,1.54,-1.08,-0.007,0.68
2024-09-10,0.642,0.644,0.648,0.631,1147363,207623849.0,2.65,0.47,0.003,1.02
2024-09-11,0.642,0.645,0.647,0.64,3744421,683459437.0,1.09,0.16,0.001,3.34
2024-09-12,0.646,0.642,0.653,0.641,1368186,250737849.0,1.86,-0.47,-0.003,1.22
2024-09-13,0.643,0.634,0.643,0.634,943829,170741641.0,1.4,-1.25,-0.008,0.84
2024-09-18,0.635,0.632,0.635,0.623,829094,147830989.0,1.89,-0.32,-0.002,0.74
2024-09-19,0.638,0.644,0.651,0.629,2205974,401664012.0,3.48,1.9,0.012,1.97
2024-09-20,0.642,0.641,0.644,0.635,7459702,1352756947.0,1.4,-0.47,-0.003,6.65
2024-09-23,0.64,0.641,0.649,0.638,1166679,213088767.0,1.72,0.0,0.0,1.04
2024-09-24,0.646,0.668,0.668,0.64,3955366,732132068.0,4.37,4.21,0.027,3.53
2024-09-25,0.682,0.673,0.689,0.671,2679655,516182848.0,2.69,0.75,0.005,2.39
2024-09-26,0.67,0.705,0.705,0.67,3640984,710096122.0,5.2,4.75,0.032,3.25
2024-09-27,0.713,0.763,0.763,0.709,1114643,229106095.0,7.66,8.23,0.058,0.99
2024-09-30,0.801,0.834,0.839,0.764,7559128,1725930508.0,9.83,9.31,0.071,6.74
2024-10-08,0.918,0.895,0.918,0.846,4261380,1073315201.0,8.63,7.31,0.061,3.8
2024-10-09,0.847,0.822,0.878,0.816,3439866,825532576.0,6.93,-8.16,-0.073,3.07
2024-10-10,0.821,0.809,0.847,0.803,2882178,672968176.0,5.35,-1.58,-0.013,2.57
2024-10-11,0.809,0.778,0.809,0.767,3474051,771604893.0,5.19,-3.83,-0.031,3.1
2024-10-14,0.778,0.807,0.807,0.766,3281580,731011337.0,5.27,3.73,0.029,2.93
2024-10-15,0.802,0.79,0.818,0.789,2362829,537441379.0,3.59,-2.11,-0.017,2.11
2024-10-16,0.782,0.793,0.805,0.78,2652344,596414522.0,3.16,0.38,0.003,2.37
2024-10-17,0.796,0.789,0.807,0.789,2485464,562571283.0,2.27,-0.5,-0.004,2.22
2024-10-18,0.788,0.826,0.852,0.787,5449908,1275585923.0,8.24,4.69,0.037,4.86
2024-10-21,0.827,0.84,0.854,0.827,3019192,720347044.0,3.27,1.69,0.014,2.69
2024-10-22,0.836,0.844,0.853,0.834,2229038,530395370.0,2.26,0.48,0.004,1.99
2024-10-23,0.846,0.847,0.862,0.84,2991305,722038839.0,2.61,0.36,0.003,2.67
2024-10-24,0.842,0.841,0.846,0.834,1388510,329998059.0,1.42,-0.71,-0.006,1.24
2024-10-25,0.84,0.859,0.865,0.84,2888339,701030371.0,2.97,2.14,0.018,2.58
2024-10-28,0.86,0.874,0.874,0.855,1954778,479024327.0,2.21,1.75,0.015,1.74
2024-10-29,0.875,0.859,0.877,0.858,3754015,921219668.0,2.17,-1.72,-0.015,3.35
2024-10-30,0.857,0.863,0.867,0.852,4623139,1123541047.0,1.75,0.47,0.004,4.12
2024-10-31,0.864,0.878,0.886,0.86,1449626,359190797.0,3.01,1.74,0.015,1.29
2024-11-01,0.876,0.852,0.877,0.85,1750487,426246867.0,3.08,-2.96,-0.026,1.56
2024-11-04,0.847,0.87,0.871,0.847,3698954,901803546.0,2.82,2.11,0.018,3.3
2024-11-05,0.867,0.9,0.904,0.867,2195072,553462724.0,4.25,3.45,0.03,1.96
2024-11-06,0.901,0.904,0.914,0.896,1416741,363329632.0,2.0,0.44,0.004,1.26
2024-11-07,0.897,0.919,0.921,0.894,4002905,1030541682.0,2.99,1.66,0.015,3.57
2024-11-08,0.921,0.923,0.937,0.919,2320454,610175609.0,1.96,0.44,0.004,2.07
2024-11-11,0.917,0.942,0.943,0.917,1313449,347837056.0,2.82,2.06,0.019,1.17
2024-11-12,0.939,0.93,0.95,0.922,2112143,560107586.0,2.97,-1.27,-0.012,1.88
2024-11-13,0.923,0.928,0.934,0.912,2141100,558476486.0,2.37,-0.22,-0.002,1.91
2024-11-14,0.925,0.902,0.927,0.899,3539021,908800615.0,3.02,-2.8,-0.026,3.16
2024-11-15,0.898,0.879,0.908,0.878,1662982,420945568.0,3.33,-2.55,-0.023,1.48
2024-11-18,0.88,0.858,0.884,0.852,2866918,704753891.0,3.64,-2.39,-0.021,2.56
2024-11-19,0.858,0.879,0.879,0.853,2325185,569912091.0,3.03,2.45,0.021,2.07
2024-11-20,0.875,0.896,0.899,0.875,2002632,501156439.0,2.73,1.93,0.017,1.79
2024-11-21,0.896,0.898,0.902,0.888,1004971,255295767.0,1.56,0.22,0.002,0.9
2024-11-22,0.894,0.865,0.9,0.864,1135536,283687140.0,4.01,-3.67,-0.033,1.01
2024-11-25,0.866,0.868,0.871,0.853,588281,143594744.0,2.08,0.35,0.003,0.52
2024-11-26,0.865,0.859,0.874,0.858,504731,123608519.0,1.84,-1.04,-0.009,0.45
2024-11-27,0.854,0.878,0.88,0.841,868453,211170399.0,4.54,2.21,0.019,0.77
2024-11-28,0.876,0.874,0.885,0.871,875639,218190813.0,1.59,-0.46,-0.004,0.78
2024-11-29,0.871,0.888,0.896,0.866,977141,244388737.0,3.43,1.6,0.014,0.87
2024-12-02,0.889,0.904,0.908,0.886,778758,198984870.0,2.48,1.8,0.016,0.69
2024-12-03,0.905,0.905,0.911,0.894,1106296,282804046.0,1.88,0.11,0.001,0.99
2024-12-04,0.903,0.892,0.904,0.886,796466,202339498.0,1.99,-1.44,-0.013,0.71
2024-12-05,0.886,0.901,0.905,0.886,675022,171942704.0,2.13,1.01,0.009,0.6
2024-12-06,0.901,0.912,0.917,0.893,1135756,290937947.0,2.66,1.22,0.011,1.01
2024-12-09,0.91,0.903,0.914,0.897,755194,193952210.0,1.86,-0.99,-0.009,0.67
2024-12-10,0.939,0.913,0.939,0.911,1669346,436765006.0,3.1,1.11,0.01,1.49
2024-12-11,0.912,0.924,0.926,0.912,1082651,282640640.0,1.53,1.2,0.011,0.97
2024-12-12,0.924,0.931,0.932,0.917,1855779,487369865.0,1.62,0.76,0.007,1.66
2024-12-13,0.928,0.914,0.928,0.912,1382043,359989809.0,1.72,-1.83,-0.017,1.23
2024-12-16,0.914,0.901,0.914,0.899,705108,180601299.0,1.64,-1.42,-0.013,0.63
2024-12-17,0.899,0.883,0.9,0.881,1095649,275900210.0,2.11,-2.0,-0.018,0.98
2024-12-18,0.885,0.889,0.896,0.879,484566,122011855.0,1.93,0.68,0.006,0.43
2024-12-19,0.883,0.892,0.894,0.876,830182,207745902.0,2.02,0.34,0.003,0.74
2024-12-20,0.89,0.9,0.906,0.889,832167,212016843.0,1.91,0.9,0.008,0.74
2024-12-23,0.897,0.877,0.9,0.875,1315277,330425606.0,2.78,-2.56,-0.023,1.17
2024-12-24,0.876,0.884,0.884,0.872,881529,219803151.0,1.37,0.8,0.007,0.79
2024-12-25,0.882,0.877,0.883,0.867,1559703,385954649.0,1.81,-0.79,-0.007,1.39
2024-12-26,0.876,0.884,0.887,0.874,1354040,339233060.0,1.48,0.8,0.007,1.21
2024-12-27,0.882,0.887,0.898,0.88,1100715,277759819.0,2.04,0.34,0.003,0.98
2024-12-30,0.883,0.883,0.889,0.876,905616,226471757.0,1.47,-0.45,-0.004,0.81
2024-12-31,0.883,0.855,0.888,0.854,859806,211823161.0,3.85,-3.17,-0.028,0.77
2025-01-02,0.854,0.833,0.858,0.823,1526773,364886926.0,4.09,-2.57,-0.022,1.36
2025-01-03,0.833,0.809,0.835,0.806,1538175,357407401.0,3.48,-2.88,-0.024,1.37
2025-01-06,0.809,0.805,0.816,0.799,2022216,462011336.0,2.1,-0.49,-0.004,1.8
2025-01-07,0.804,0.817,0.817,0.801,1070984,245259384.0,1.99,1.49,0.012,0.96
2025-01-08,0.813,0.812,0.819,0.79,2078010,474339655.0,3.55,-0.61,-0.005,1.85
2025-01-09,0.805,0.816,0.82,0.805,1181267,272956352.0,1.85,0.49,0.004,1.05
2025-01-10,0.813,0.798,0.822,0.797,872939,200245442.0,3.06,-2.21,-0.018,0.78
2025-01-13,0.789,0.798,0.804,0.785,883725,199012116.0,2.38,0.0,0.0,0.79
2025-01-14,0.802,0.834,0.836,0.798,1796954,419706646.0,4.76,4.51,0.036,1.6
2025-01-15,0.834,0.829,0.834,0.826,782986,184007619.0,0.96,-0.6,-0.005,0.7
2025-01-16,0.832,0.833,0.848,0.826,1168576,277655308.0,2.65,0.48,0.004,1.04
2025-01-17,0.83,0.839,0.846,0.826,1185760,280760025.0,2.4,0.72,0.006,1.06
2025-01-20,0.842,0.844,0.852,0.841,2059725,494572164.0,1.31,0.6,0.005,1.84
2025-01-21,0.846,0.85,0.852,0.836,990437,236678069.0,1.9,0.71,0.006,0.88
2025-01-22,0.846,0.842,0.846,0.836,1434502,342080871.0,1.18,-0.94,-0.008,1.28
2025-01-23,0.846,0.837,0.861,0.837,1656794,399124159.0,2.85,-0.59,-0.005,1.48
2025-01-24,0.834,0.854,0.854,0.834,1354259,326032994.0,2.39,2.03,0.017,1.21
2025-01-27,0.855,0.839,0.857,0.839,1022782,245117332.0,2.11,-1.76,-0.015,0.91
2025-02-05,0.844,0.845,0.852,0.84,850525,203911602.0,1.43,0.72,0.006,0.76
2025-02-06,0.845,0.868,0.869,0.84,731240,177698732.0,3.43,2.72,0.023,0.65
2025-02-07,0.869,0.88,0.891,0.867,3426686,854759598.0,2.76,1.38,0.012,3.06
2025-02-10,0.881,0.891,0.894,0.88,1013815,254793582.0,1.59,1.25,0.011,0.9
2025-02-11,0.891,0.889,0.893,0.88,1072078,269108107.0,1.46,-0.22,-0.002,0.96
2025-02-12,0.887,0.902,0.902,0.887,723040,183402595.0,1.69,1.46,0.013,0.64
2025-02-13,0.903,0.894,0.903,0.892,953344,242141162.0,1.22,-0.89,-0.008,0.85
2025-02-14,0.891,0.897,0.899,0.887,2195313,555771292.0,1.34,0.34,0.003,1.96
2025-02-17,0.901,0.901,0.906,0.895,3416280,872313030.0,1.23,0.45,0.004,3.05
2025-02-18,0.9,0.883,0.903,0.877,1727836,434992331.0,2.89,-2.0,-0.018,1.54
2025-02-19,0.883,0.903,0.904,0.881,1804663,457662845.0,2.6,2.27,0.02,1.61
2025-02-20,0.903,0.909,0.912,0.9,1218951,312378290.0,1.33,0.66,0.006,1.09
2025-02-21,0.91,0.928,0.93,0.906,592428,154321160.0,2.64,2.09,0.019,0.53
2025-02-24,0.928,0.926,0.933,0.92,1534771,403371875.0,1.4,-0.22,-0.002,1.37
2025-02-25,0.916,0.924,0.933,0.913,725697,189732655.0,2.16,-0.22,-0.002,0.65
2025-02-26,0.924,0.936,0.938,0.921,964012,254558948.0,1.84,1.3,0.012,0.86
2025-02-27,0.935,0.932,0.94,0.919,717141,188781848.0,2.24,-0.43,-0.004,0.64
2025-02-28,0.928,0.903,0.928,0.899,2014908,517620760.0,3.11,-3.11,-0.029,1.8
2025-03-03,0.9,0.901,0.916,0.895,1304093,334341670.0,2.33,-0.22,-0.002,1.16
2025-03-04,0.891,0.913,0.913,0.891,848669,217939433.0,2.44,1.33,0.012,0.76
2025-03-05,0.912,0.917,0.919,0.906,1506980,388949402.0,1.42,0.44,0.004,1.34
2025-03-06,0.92,0.938,0.942,0.92,484207,127803416.0,2.4,2.29,0.021,0.43
2025-03-07,0.936,0.935,0.944,0.929,564004,149845645.0,1.6,-0.32,-0.003,0.5
2025-03-10,0.934,0.935,0.939,0.927,984284,260300227.0,1.28,0.0,0.0,0.88
2025-03-11,0.927,0.941,0.941,0.924,349080,92168339.0,1.82,0.64,0.006,0.31
2025-03-12,0.943,0.943,0.953,0.941,616906,165258632.0,1.28,0.21,0.002,0.55
2025-03-13,0.941,0.929,0.943,0.919,578100,152015469.0,2.55,-1.48,-0.014,0.52
2025-03-14,0.928,0.945,0.945,0.922,1834403,487990179.0,2.48,1.72,0.016,1.64
2025-03-17,0.946,0.945,0.948,0.941,1525156,408048322.0,0.74,0.0,0.0,1.36
2025-03-18,0.947,0.948,0.954,0.945,775723,208686530.0,0.95,0.32,0.003,0.69
2025-03-19,0.946,0.943,0.948,0.938,937650,250732945.0,1.05,-0.53,-0.005,0.84
2025-03-20,0.942,0.938,0.947,0.936,999282,266491328.0,1.17,-0.53,-0.005,0.89
2025-03-21,0.936,0.92,0.937,0.916,1843205,483114248.0,2.24,-1.92,-0.018,1.64
2025-03-24,0.917,0.913,0.92,0.897,1659658,426763040.0,2.5,-0.76,-0.007,1.48
2025-03-25,0.911,0.907,0.916,0.902,1135920,292361352.0,1.53,-0.66,-0.006,1.01
2025-03-26,0.904,0.908,0.915,0.904,1392931,359302777.0,1.21,0.11,0.001,1.24
2025-03-27,0.907,0.909,0.918,0.897,621015,159650452.0,2.31,0.11,0.001,0.55
2025-03-28,0.909,0.9,0.913,0.899,457662,117297347.0,1.54,-0.99,-0.009,0.41
2025-03-31,0.896,0.895,0.9,0.883,1088009,274776508.0,1.89,-0.56,-0.005,0.97
2025-04-01,0.894,0.898,0.905,0.894,796589,203126476.0,1.23,0.34,0.003,0.71
2025-04-02,0.898,0.901,0.907,0.896,744958,190591719.0,1.22,0.33,0.003,0.66
2025-04-03,0.893,0.891,0.905,0.886,1085355,275060163.0,2.11,-1.11,-0.01,0.97
2025-04-07,0.845,0.802,0.863,0.802,1481208,345656025.0,6.85,-9.99,-0.089,1.32
2025-04-08,0.784,0.794,0.812,0.779,25323891,5663443696.0,4.11,-1.0,-0.008,22.59
2025-04-09,0.784,0.809,0.817,0.748,1924939,429563496.0,8.69,1.89,0.015,1.72
2025-04-10,0.82,0.83,0.845,0.82,1557456,368581855.0,3.09,2.6,0.021,1.39
2025-04-11,0.826,0.841,0.852,0.825,1054914,250703125.0,3.25,1.33,0.011,0.94
2025-04-14,0.851,0.851,0.859,0.848,870986,210327800.0,1.31,1.19,0.01,0.78
2025-04-15,0.851,0.849,0.854,0.844,652709,156621617.0,1.18,-0.24,-0.002,0.58
2025-04-16,0.844,0.838,0.846,0.828,2222369,527017121.0,2.12,-1.3,-0.011,1.98
2025-04-17,0.834,0.84,0.847,0.833,975212,233097238.0,1.67,0.24,0.002,0.87
2025-04-18,0.84,0.838,0.842,0.832,1112145,263298500.0,1.19,-0.24,-0.002,0.99
2025-04-21,0.834,0.854,0.854,0.832,904186,217195160.0,2.63,1.91,0.016,0.81
2025-04-22,0.853,0.854,0.858,0.85,982586,237721753.0,0.94,0.0,0.0,0.88
2025-04-23,0.854,0.859,0.865,0.854,781065,190370972.0,1.29,0.59,0.005,0.7
2025-04-24,0.859,0.851,0.859,0.846,803376,194100177.0,1.51,-0.93,-0.008,0.72
2025-04-25,0.851,0.853,0.86,0.847,1145072,277418340.0,1.53,0.24,0.002,1.02
2025-04-28,0.851,0.844,0.853,0.842,990904,237370556.0,1.29,-1.06,-0.009,0.88
2025-04-29,0.841,0.848,0.851,0.839,631460,151615129.0,1.42,0.47,0.004,0.56
2025-04-30,0.848,0.855,0.858,0.848,1134359,275021693.0,1.18,0.83,0.007,1.01
2025-05-06,0.858,0.876,0.876,0.858,968332,238457834.0,2.11,2.46,0.021,0.86
2025-05-07,0.886,0.877,0.894,0.871,1177714,293073708.0,2.63,0.11,0.001,1.05
2025-05-08,0.876,0.885,0.887,0.875,765658,191601955.0,1.37,0.91,0.008,0.68
2025-05-09,0.884,0.874,0.884,0.87,2555747,633652163.0,1.58,-1.24,-0.011,2.28
2025-05-12,0.882,0.887,0.887,0.877,1301105,325329482.0,1.14,1.49,0.013,1.16
2025-05-13,0.891,0.883,0.893,0.882,836020,210079125.0,1.24,-0.45,-0.004,0.75
2025-05-14,0.884,0.885,0.892,0.879,1494746,374496880.0,1.47,0.23,0.002,1.33
2025-05-15,0.884,0.872,0.884,0.87,1171043,289964643.0,1.58,-1.47,-0.013,1.04
2025-05-16,0.866,0.872,0.876,0.866,1782480,441106984.0,1.15,0.0,0.0,1.59
2025-05-19,0.87,0.876,0.877,0.863,545288,134501805.0,1.61,0.46,0.004,0.49
2025-05-20,0.876,0.883,0.885,0.872,422923,105370580.0,1.48,0.8,0.007,0.38
2025-05-21,0.884,0.881,0.884,0.878,309281,77191839.0,0.68,-0.23,-0.002,0.28
2025-05-22,0.879,0.873,0.885,0.872,511574,127284203.0,1.48,-0.91,-0.008,0.46
2025-05-23,0.871,0.861,0.878,0.861,608932,150277321.0,1.95,-1.37,-0.012,0.54
2025-05-26,0.862,0.866,0.869,0.86,607856,148930885.0,1.05,0.58,0.005,0.54
2025-05-27,0.864,0.865,0.867,0.859,416138,101749302.0,0.92,-0.12,-0.001,0.37
2025-05-28,0.865,0.863,0.868,0.859,1144494,279498926.0,1.04,-0.23,-0.002,1.02
2025-05-29,0.862,0.878,0.878,0.862,588561,145410457.0,1.85,1.74,0.015,0.52
2025-05-30,0.878,0.869,0.878,0.867,877143,216133394.0,1.25,-1.03,-0.009,0.78
2025-06-03,0.869,0.874,0.877,0.866,501709,124245923.0,1.27,0.58,0.005,0.45
2025-06-04,0.872,0.882,0.883,0.872,1256472,313918408.0,1.26,0.92,0.008,1.12
2025-06-05,0.883,0.889,0.891,0.878,541687,135859371.0,1.47,0.79,0.007,0.48
2025-06-06,0.889,0.888,0.89,0.885,418453,105150957.0,0.56,-0.11,-0.001,0.37
2025-06-09,0.888,0.897,0.899,0.888,695522,176614978.0,1.24,1.01,0.009,0.62
2025-06-10,0.897,0.887,0.898,0.881,583696,146775213.0,1.9,-1.11,-0.01,0.52
2025-06-11,0.887,0.892,0.898,0.887,871059,220728993.0,1.24,0.56,0.005,0.78
2025-06-12,0.889,0.893,0.895,0.886,765433,193524010.0,1.01,0.11,0.001,0.68
2025-06-13,0.892,0.881,0.893,0.88,1187405,297271947.0,1.46,-1.34,-0.012,1.06
2025-06-16,0.881,0.887,0.889,0.88,468409,117523655.0,1.02,0.68,0.006,0.42
2025-06-17,0.887,0.886,0.89,0.883,532285,133541729.0,0.79,-0.11,-0.001,0.47
2025-06-18,0.886,0.885,0.887,0.88,1113844,278581554.0,0.79,-0.11,-0.001,0.99
2025-06-19,0.884,0.875,0.887,0.871,1586782,395104429.0,1.81,-1.13,-0.01,1.42
2025-06-20,0.874,0.867,0.876,0.866,755856,186354839.0,1.14,-0.91,-0.008,0.67
2025-06-23,0.865,0.877,0.878,0.865,779843,193238591.0,1.5,1.15,0.01,0.7
2025-06-24,0.877,0.894,0.894,0.877,954336,240601337.0,1.94,1.94,0.017,0.85
2025-06-25,0.894,0.907,0.909,0.894,1507056,385291851.0,1.68,1.45,0.013,1.34
2025-06-26,0.907,0.904,0.912,0.903,1104630,284190886.0,0.99,-0.33,-0.003,0.99
2025-06-27,0.903,0.906,0.914,0.903,1260137,324627364.0,1.22,0.22,0.002,1.12
2025-06-30,0.906,0.919,0.92,0.906,2359267,611883552.0,1.55,1.43,0.013,2.1
2025-07-01,0.918,0.921,0.921,0.911,1052455,273372754.0,1.09,0.22,0.002,0.94
2025-07-02,0.92,0.912,0.92,0.909,437874,113248290.0,1.19,-0.98,-0.009,0.39
2025-07-03,0.91,0.917,0.919,0.91,668551,172972435.0,0.99,0.55,0.005,0.6
2025-07-04,0.916,0.913,0.923,0.91,732044,189606774.0,1.42,-0.44,-0.004,0.65
2025-07-07,0.911,0.914,0.916,0.91,304212,78764244.0,0.66,0.11,0.001,0.27
2025-07-08,0.913,0.927,0.928,0.912,466621,122039852.0,1.75,1.42,0.013,0.42
2025-07-09,0.927,0.925,0.93,0.923,507957,133381469.0,0.76,-0.22,-0.002,0.45
2025-07-10,0.922,0.926,0.931,0.921,374817,98381354.0,1.08,0.11,0.001,0.33
2025-07-11,0.925,0.935,0.94,0.924,933304,247067698.0,1.73,0.97,0.009,0.83
2025-07-14,0.934,0.935,0.939,0.931,1367732,362116577.0,0.86,0.0,0.0,1.22
2025-07-15,0.934,0.932,0.937,0.923,867738,228340840.0,1.5,-0.32,-0.003,0.77
2025-07-16,0.931,0.934,0.94,0.93,591375,156649396.0,1.07,0.21,0.002,0.53
2025-07-17,0.932,0.946,0.946,0.932,414744,110481647.0,1.5,1.28,0.012,0.37
2025-07-18,0.946,0.948,0.951,0.943,420829,112880960.0,0.85,0.21,0.002,0.38
2025-07-21,0.946,0.956,0.957,0.946,721971,195187914.0,1.16,0.84,0.008,0.64
2025-07-22,0.956,0.961,0.962,0.954,560925,152261406.0,0.84,0.52,0.005,0.5
2025-07-23,0.961,0.958,0.967,0.955,550810,149841512.0,1.25,-0.31,-0.003,0.49
2025-07-24,0.958,0.971,0.972,0.954,576228,157702408.0,1.88,1.36,0.013,0.51
2025-07-25,0.974,0.971,0.974,0.966,763940,209774492.0,0.82,0.0,0.0,0.68
2025-07-28,0.97,0.973,0.976,0.966,887897,244515874.0,1.03,0.21,0.002,0.79
2025-07-29,0.973,0.981,0.982,0.967,396428,109288371.0,1.54,0.82,0.008,0.35
2025-07-30,0.981,0.973,0.981,0.966,308194,85141448.0,1.53,-0.82,-0.008,0.27
2025-07-31,0.972,0.965,0.977,0.961,397070,109111783.0,1.64,-0.82,-0.008,0.35
2025-08-01,0.963,0.965,0.971,0.959,627884,171511281.0,1.24,0.0,0.0,0.56
2025-08-04,0.963,0.977,0.978,0.959,387159,106375378.0,1.97,1.24,0.012,0.35
2025-08-05,0.977,0.983,0.983,0.976,350231,97144684.0,0.72,0.61,0.006,0.31
2025-08-06,0.982,0.994,0.995,0.98,446957,125276539.0,1.53,1.12,0.011,0.4
2025-08-07,0.994,0.993,0.998,0.986,755250,212326892.0,1.21,-0.1,-0.001,0.67
2025-08-08,0.992,0.991,0.994,0.986,390256,109553035.0,0.81,-0.2,-0.002,0.35
2025-08-11,0.991,1.005,1.008,0.991,568525,161542002.0,1.72,1.41,0.014,0.51
2025-08-12,1.003,1.01,1.011,0.999,569544,162259875.0,1.19,0.5,0.005,0.51
2025-08-13,1.01,1.024,1.026,1.01,523736,151030927.0,1.58,1.39,0.014,0.47
2025-08-14,1.024,1.013,1.026,1.009,505398,145630237.0,1.66,-1.07,-0.011,0.45
2025-08-15,1.012,1.033,1.033,1.008,572708,166087284.0,2.47,1.97,0.02,0.51
2025-08-18,1.036,1.048,1.055,1.034,1029985,305883992.0,2.03,1.45,0.015,0.92
2025-08-19,1.048,1.049,1.055,1.042,1001013,297509703.0,1.24,0.1,0.001,0.89
2025-08-20,1.046,1.06,1.061,1.037,800223,237674311.0,2.29,1.05,0.011,0.71
2025-08-21,1.061,1.052,1.064,1.046,582473,173837147.0,1.7,-0.75,-0.008,0.52
2025-08-22,1.051,1.068,1.07,1.051,654288,196800480.0,1.81,1.52,0.016,0.58
2025-08-25,1.066,1.084,1.09,1.066,1882596,575599034.0,2.25,1.5,0.016,1.68
2025-08-26,1.079,1.082,1.091,1.076,593979,182299083.0,1.38,-0.18,-0.002,0.53
2025-08-27,1.079,1.065,1.096,1.063,742117,227052240.0,3.05,-1.57,-0.017,0.66
2025-08-28,1.064,1.079,1.079,1.045,1168736,352405115.0,3.19,1.31,0.014,1.04
2025-08-29,1.079,1.077,1.084,1.068,540326,164520090.0,1.48,-0.19,-0.002,0.48
2025-09-01,1.077,1.086,1.086,1.074,407385,124723360.0,1.11,0.84,0.009,0.36
2025-09-02,1.085,1.059,1.085,1.051,647347,194923374.0,3.13,-2.49,-0.027,0.58
2025-09-03,1.06,1.043,1.066,1.04,495502,147707142.0,2.46,-1.51,-0.016,0.44
2025-09-04,1.041,1.02,1.051,1.006,806007,233990406.0,4.31,-2.21,-0.023,0.72
2025-09-05,1.02,1.05,1.051,1.018,375233,109993543.0,3.24,2.94,0.03,0.33
2025-09-08,1.045,1.059,1.062,1.045,828711,247220697.0,1.62,0.86,0.009,0.74
2025-09-09,1.058,1.047,1.059,1.042,410577,122348731.0,1.61,-1.13,-0.012,0.37
2025-09-10,1.046,1.046,1.058,1.04,328657,97567562.0,1.72,-0.1,-0.001,0.29
2025-09-11,1.046,1.075,1.075,1.037,403793,121151472.0,3.63,2.77,0.029,0.36
2025-09-12,1.075,1.076,1.084,1.07,324965,99138641.0,1.3,0.09,0.001,0.29
2025-09-15,1.076,1.074,1.08,1.073,353228,107737166.0,0.65,-0.19,-0.002,0.32
2025-09-16,1.073,1.085,1.086,1.066,394975,120524166.0,1.86,1.02,0.011,0.35
2025-09-17,1.083,1.096,1.098,1.081,302410,93456052.0,1.57,1.01,0.011,0.27
2025-09-18,1.097,1.082,1.111,1.076,785046,243487156.0,3.19,-1.28,-0.014,0.7
2025-09-19,1.081,1.079,1.09,1.072,560529,171724928.0,1.66,-0.28,-0.003,0.5
2025-09-22,1.077,1.086,1.087,1.074,242084,74066790.0,1.2,0.65,0.007,0.22
2025-09-23,1.086,1.074,1.086,1.053,446175,134598900.0,3.04,-1.1,-0.012,0.4
2025-09-24,1.071,1.091,1.092,1.063,418688,128135355.0,2.7,1.58,0.017,0.37
2025-09-25,1.093,1.088,1.097,1.085,319642,98752257.0,1.1,-0.27,-0.003,0.29
2025-09-26,1.085,1.074,1.09,1.074,467627,143236031.0,1.47,-1.29,-0.014,0.42
2025-09-29,1.073,1.088,1.093,1.069,610857,187548570.0,2.23,1.3,0.014,0.54
2025-09-30,1.087,1.098,1.101,1.087,427710,132886286.0,1.29,0.92,0.01,0.38
2025-10-09,1.102,1.108,1.112,1.099,399314,125303748.0,1.18,0.91,0.01,0.36
2025-10-10,1.108,1.092,1.108,1.091,439887,136611202.0,1.53,-1.44,-0.016,0.39
2025-10-13,1.043,1.09,1.092,1.043,1166842,355167940.0,4.49,-0.18,-0.002,1.04
2025-10-14,1.091,1.069,1.103,1.065,725441,223585503.0,3.49,-1.93,-0.021,0.65
2025-10-15,1.067,1.085,1.085,1.061,416217,126520713.0,2.25,1.5,0.016,0.37
2025-10-16,1.08,1.078,1.085,1.07,651540,199072371.0,1.38,-0.65,-0.007,0.58
2025-10-17,1.072,1.044,1.078,1.042,377922,113261706.0,3.34,-3.15,-0.034,0.34
2025-10-20,1.051,1.05,1.059,1.044,286403,85382447.0,1.44,0.57,0.006,0.26
2025-10-21,1.053,1.065,1.067,1.05,681017,204973823.0,1.62,1.43,0.015,0.61
2025-10-22,1.062,1.06,1.066,1.055,398752,119713303.0,1.03,-0.47,-0.005,0.36
2025-10-23,1.056,1.061,1.063,1.043,375071,111480757.0,1.89,0.09,0.001,0.33
2025-10-24,1.061,1.078,1.078,1.061,512441,155703329.0,1.6,1.6,0.017,0.46
2025-10-27,1.08,1.088,1.09,1.079,772996,237782565.0,1.02,0.93,0.01,0.69
2025-10-28,1.085,1.086,1.094,1.079,278847,85844446.0,1.38,-0.18,-0.002,0.25
2025-10-29,1.086,1.098,1.099,1.082,334872,103368744.0,1.57,1.1,0.012,0.3
2025-10-30,1.098,1.088,1.098,1.084,376624,116468582.0,1.28,-0.91,-0.01,0.34
2025-10-31,1.089,1.088,1.102,1.086,278868,86368093.0,1.47,0.0,0.0,0.25
2025-11-03,1.088,1.094,1.095,1.075,326973,100299871.0,1.84,0.55,0.006,0.29
2025-11-04,1.092,1.079,1.092,1.072,205800,63047087.0,1.83,-1.37,-0.015,0.18
2025-11-05,1.073,1.082,1.086,1.067,245661,74884901.0,1.76,0.28,0.003,0.22
2025-11-06,1.082,1.095,1.096,1.082,262397,81049702.0,1.29,1.2,0.013,0.23
2025-11-07,1.093,1.095,1.1,1.086,250031,77439456.0,1.28,0.0,0.0,0.22
2025-11-10,1.096,1.097,1.102,1.09,258016,79978282.0,1.1,0.18,0.002,0.23
2025-11-11,1.1,1.093,1.104,1.092,260327,80921097.0,1.09,-0.36,-0.004,0.23
2025-11-12,1.093,1.088,1.094,1.078,176061,54172395.0,1.46,-0.46,-0.005,0.16
2025-11-13,1.084,1.102,1.104,1.084,284662,88525903.0,1.84,1.29,0.014,0.25
2025-11-14,1.095,1.089,1.101,1.088,248375,77163098.0,1.18,-1.18,-0.013,0.22
2025-11-17,1.086,1.092,1.094,1.086,216367,66800284.0,0.73,0.28,0.003,0.19
2025-11-18,1.092,1.082,1.092,1.076,342108,104966813.0,1.47,-0.92,-0.01,0.31
2025-11-19,1.081,1.073,1.086,1.067,333116,101431801.0,1.76,-0.83,-0.009,0.3
2025-11-20,1.078,1.066,1.08,1.065,201329,61131485.0,1.4,-0.65,-0.007,0.18
2025-11-21,1.057,1.03,1.065,1.027,332809,98024213.0,3.56,-3.38,-0.036,0.3
2025-11-24,1.027,1.038,1.043,1.026,395588,115894358.0,1.65,0.78,0.008,0.35
2025-11-25,1.041,1.051,1.061,1.041,459536,137340203.0,1.93,1.25,0.013,0.41
2025-11-26,1.048,1.055,1.06,1.047,372593,111334411.0,1.24,0.38,0.004,0.33
2025-11-27,1.055,1.053,1.068,1.052,641646,192741050.0,1.52,-0.19,-0.002,0.57
2025-11-28,1.053,1.064,1.064,1.05,214431,64121044.0,1.33,1.04,0.011,0.19
2025-12-01,1.064,1.07,1.072,1.064,168028,50886128.0,0.75,0.56,0.006,0.15
2025-12-02,1.07,1.061,1.07,1.059,152790,45932201.0,1.03,-0.84,-0.009,0.14
2025-12-03,1.056,1.053,1.064,1.049,164536,49143967.0,1.41,-0.75,-0.008,0.15
2025-12-04,1.049,1.054,1.056,1.044,235841,70205585.0,1.14,0.09,0.001,0.21
2025-12-05,1.053,1.067,1.068,1.045,224526,67294578.0,2.18,1.23,0.013,0.2
2025-12-08,1.068,1.077,1.08,1.068,255431,77861964.0,1.12,0.94,0.01,0.23
2025-12-09,1.077,1.07,1.08,1.069,169258,51531230.0,1.02,-0.65,-0.007,0.15
2025-12-10,1.07,1.074,1.076,1.063,304163,92162233.0,1.21,0.37,0.004,0.27
2025-12-11,1.074,1.064,1.077,1.063,289333,87683304.0,1.3,-0.93,-0.01,0.26
2025-12-12,1.063,1.07,1.073,1.059,320591,96675888.0,1.32,0.56,0.006,0.29
2025-12-15,1.068,1.061,1.07,1.06,315085,94960621.0,0.93,-0.84,-0.009,0.28
2025-12-16,1.059,1.043,1.059,1.038,253376,74986078.0,1.98,-1.7,-0.018,0.23
